,x0,y0,x1,y1,label_id,label_det,label,conf_bbox,detection_id,team
0,1358.6191,836.73315,1407.7307,977.5478,0,person,player,0.9971301,0,1.0
1,357.64578,425.45862,404.74286,518.8330000000002,0,person,player,0.99650186,1,0.0
2,1216.3636,346.5101,1255.2021,444.75854,0,person,player,0.9960667,3,0.0
3,367.56534,702.5577400000002,425.2322400000001,837.50757,0,person,player,0.99558926,4,0.0
4,1355.7594,360.44174,1386.1068,448.28888,0,person,player,0.99469554,5,1.0
5,1183.3855,552.0596,1217.6097,674.37146,0,person,player,0.99209774,6,1.0
6,487.49738,663.1546,584.0502299999998,771.1918,0,person,player,0.9914333,7,0.0
7,1778.3994,234.17052,1809.1854,317.3884,0,person,player,0.9777164,8,0.0
