,x0,y0,x1,y1,label_id,label_det,label,conf_bbox,detection_id,team
0,1010.0014,640.1531,1076.3469,768.12415,0,person,player,0.99685156,0,0.0
1,1463.575,491.08096,1525.7898,595.183,0,person,player,0.9952694,1,0.0
2,1157.0648,785.47437,1208.6967,946.8246,0,person,player,0.9935094,2,1.0
3,1104.3856,768.2751,1159.3809,920.34106,0,person,player,0.99295187,3,0.0
4,850.0296,639.6066,910.7037,747.2601,0,person,player,0.9876374,4,1.0
