,x0,y0,x1,y1,label_id,label_det,label,conf_bbox,detection_id,team
0,1247.6241,572.1637599999998,1308.1714,731.29724,0,person,player,0.99778914,0,0.0
1,1163.3386,733.5137,1212.379,898.553,0,person,player,0.98984706,2,0.0
2,1115.8469,755.8159,1169.0253,926.3905,0,person,player,0.9861972,3,0.0
3,174.93425,315.8115,222.41718,404.72836,0,person,player,0.9675541,7,0.0
4,641.4424,514.77936,751.3224,553.5004,0,person,player,0.95006603,8,0.0
5,1354.2874,556.1411,1407.32,702.82825,0,person,player,0.8814243,10,0.0
