,x0,y0,x1,y1,label_id,label_det,label,conf_bbox,detection_id,team
0,1307.6615,417.75827,1356.4603,521.17255,0,person,player,0.99649143,1,1.0
1,912.24567,526.5799599999998,973.82025,633.58545,0,person,player,0.99635684,2,0.0
2,508.25253,619.0953400000002,558.4053299999998,745.625,0,person,player,0.9936813,3,1.0
3,1662.9934,971.6964,1714.2952,1077.975,0,person,player,0.98329914,4,1.0
4,1498.2582,308.0654,1542.2628,390.1542,0,person,player,0.98320717,5,0.0
5,990.8025,1022.49976,1033.7407,1080.0,0,person,player,0.9780159,6,0.0
6,953.4989,360.67188,996.99164,434.21396,0,person,player,0.95706123,7,1.0
7,1691.3870000000004,319.3516,1723.7644,405.23154,0,person,player,0.9042983,8,1.0
