,x0,y0,x1,y1,label_id,label_det,label,conf_bbox,detection_id,team
0,240.61237000000003,631.88586,281.86066,744.8212,0,person,player,0.99789345,0,1.0
1,183.35406,736.61017,218.65582,855.584,0,person,player,0.99674225,1,0.0
2,1039.4325,858.22205,1087.9852,994.9712,0,person,player,0.99545,2,1.0
3,433.55905,490.18134,480.60007,575.3114,0,person,player,0.9946506,3,0.0
4,686.18384,624.2180000000002,722.55145,728.25214,0,person,player,0.99416006,4,0.0
5,1279.5726,554.3241,1317.0737,655.6374,0,person,player,0.9928596,5,1.0
6,1311.3446,473.1167,1352.835,560.17755,0,person,player,0.9891305,7,1.0
7,493.73016,456.11798,526.9848599999998,535.0427,0,person,player,0.98465073,8,1.0
