,x0,y0,x1,y1,label_id,label_det,label,conf_bbox,detection_id,team
0,511.07935,370.00064,560.79706,505.04968,0,person,player,0.99752665,0,1.0
1,943.7001,392.79288,992.5576,533.5169999999998,0,person,player,0.99728054,1,1.0
2,1404.6135,692.0563,1465.15,868.82605,0,person,player,0.9970406,2,1.0
3,1133.2792,369.92963,1204.6698,487.66315,0,person,player,0.9962419,3,1.0
4,853.9441,739.48584,946.70123,912.308,0,person,player,0.9945335,4,0.0
5,1084.8732,351.95734,1128.9541,448.53864,0,person,player,0.9938631,5,0.0
