,x0,y0,x1,y1,label_id,label_det,label,conf_bbox,detection_id,team
0,196.10489,570.6120599999998,256.94708,686.4276,0,person,player,0.9960809000000002,0,1.0
1,285.19098,649.79285,349.5941,769.9945,0,person,player,0.99558514,1,1.0
2,1622.5425,608.3127,1675.4263,716.6572,0,person,player,0.9896053,2,1.0
3,820.00085,839.1326,863.8432,978.2802,0,person,player,0.98920774,3,1.0
4,898.9526,481.17383,946.4674,560.6709,0,person,player,0.98244536,4,1.0
5,997.9613,473.4133,1065.1438,549.7138,0,person,player,0.97095764,5,0.0
6,454.0672,501.28458,492.717,589.1286,0,person,player,0.92508334,6,0.0
7,1286.2535,423.5783,1314.8995,487.29343,0,person,player,0.9164791,7,0.0
8,1705.6842,429.54083,1739.3403,508.6774,0,person,player,0.8769853000000001,10,1.0
