,x0,y0,x1,y1,label_id,label_det,label,conf_bbox,detection_id,team
0,96.94409,519.29016,158.77795,626.3146,0,person,player,0.9980766,0,0.0
1,1078.7219,551.0858,1112.2142,657.33813,0,person,player,0.9946577,2,0.0
2,583.3682,389.65237,638.8201,465.147,0,person,player,0.99454033,3,0.0
3,527.51025,436.02243,558.3626,515.5231,0,person,player,0.99415314,4,1.0
4,353.45624,320.0451700000001,381.0093,381.53598,0,person,player,0.98345536,5,0.0
5,1637.9987,387.70578,1659.4674,468.89835,0,person,player,0.97967756,6,1.0
6,571.42145,342.71884,602.7648,407.6821,0,person,player,0.94833297,8,1.0
