,x0,y0,x1,y1,label_id,label_det,label,conf_bbox,detection_id,team
0,1309.3602,874.1876,1368.8828,1031.0978,0,person,player,0.9980637,0,0.0
1,350.9809,315.38995,386.12662,411.4741,0,person,player,0.98794734,2,1.0
2,1161.7804,207.35402,1194.969,287.42505,0,person,player,0.98537225,3,0.0
3,1467.5635,435.18307,1508.7322,519.2098,0,person,player,0.9827871,4,0.0
4,626.40594,250.02972000000003,663.04785,335.4265,0,person,player,0.9815728,5,0.0
5,32.00001,232.46556,65.08163,307.1375,0,person,player,0.9803585,6,1.0
6,169.06982,181.3901,205.62938,243.71161,0,person,player,0.9732694,7,0.0
7,447.2367,264.16986,477.9329,343.97394,0,person,player,0.9686513,8,1.0
