,x0,y0,x1,y1,label_id,label_det,label,conf_bbox,detection_id,team
0,854.12646,418.52872,904.0242,522.0019,0,person,player,0.9970329,0,1.0
1,1512.4015,801.7112400000002,1550.8855,953.2491,0,person,player,0.996892,1,1.0
2,1407.0271,492.51755,1446.0555,603.02765,0,person,player,0.99539435,2,1.0
3,206.35783,364.95377,255.67337,448.54056,0,person,player,0.9904095,4,0.0
4,1184.3984,398.96017,1219.0037,483.04837,0,person,player,0.98851085,5,1.0
5,1012.05164,433.48608,1052.1094,536.47925,0,person,player,0.981552,7,0.0
6,200.62534,446.50427,237.86719,547.4912,0,person,player,0.9787171999999998,8,1.0
7,531.9458,540.11847,562.5949,649.7899,0,person,player,0.97267747,9,0.0
8,918.66565,515.1058,969.5264,627.02875,0,person,player,0.9598229,11,1.0
