,x0,y0,x1,y1,label_id,label_det,label,conf_bbox,detection_id,team
0,739.1217,385.12927,788.5432,468.20532,0,person,player,0.99781597,0,1.0
1,555.7637,606.8619,608.7806,712.42755,0,person,player,0.9951374,1,0.0
2,765.8407599999998,881.1094400000002,828.0307,1015.03143,0,person,player,0.9951068,2,1.0
3,137.83372,415.33743,163.43657,486.99463,0,person,player,0.98799443,4,1.0
4,594.1307400000002,398.37317,621.92065,462.20728,0,person,player,0.9357769,6,0.0
5,593.98267,1045.8419,641.42474,1079.1859,0,person,player,0.93188447,7,0.0
6,773.9780000000002,591.55286,828.3126,687.4429299999998,0,person,player,0.8545822,9,1.0
