,x0,y0,x1,y1,label_id,label_det,label,conf_bbox,detection_id,team
0,360.5497,249.71866,398.7724,337.78766,0,person,player,0.9938632,0,0.0
1,1567.1847,535.59863,1609.3921,655.30426,0,person,player,0.9917296,1,1.0
2,927.6581,600.37463,960.2808,716.2792400000002,0,person,player,0.9915713,2,0.0
3,29.175606,572.2031,81.121605,679.09357,0,person,player,0.9884118,3,0.0
4,1043.5054,607.5583,1081.4984,716.7260000000001,0,person,player,0.9851534,4,1.0
5,1318.0831,289.28055,1345.9623,383.35236,0,person,player,0.98298687,5,1.0
6,143.97318,374.26715,174.39445,471.30417,0,person,player,0.978249,6,0.0
7,982.8519,590.3431400000002,1012.74457,703.6455,0,person,player,0.95658374,7,1.0
8,965.1243,566.01086,993.9101,688.49194,0,person,player,0.87318057,10,0.0
