,x0,y0,x1,y1,label_id,label_det,label,conf_bbox,detection_id,team
0,1685.3044,541.5322,1742.3828,680.4292,0,person,player,0.9978329,0,0.0
1,324.3128,841.35547,384.2051,1007.8716,0,person,player,0.9960587,1,0.0
2,1469.4391,880.64185,1531.9714,1053.5161,0,person,player,0.9958409,2,0.0
3,1330.2742,416.57806,1385.3861,525.9664,0,person,player,0.9954766,3,1.0
4,592.01373,843.85974,680.9279,1012.59784,0,person,player,0.9947046,4,1.0
5,260.02637000000004,452.6459,314.67236,573.6005,0,person,player,0.99427503,5,0.0
6,736.03705,525.3579,774.1413,662.75806,0,person,player,0.9672198,7,0.0
7,747.6045,297.59857,797.5558,376.23917,0,person,player,0.93022907,8,0.0
8,826.7036,444.98285,860.5437,528.83563,0,person,player,0.9122869,9,0.0
