,x0,y0,x1,y1,label_id,label_det,label,conf_bbox,detection_id,team
0,510.6164,442.51633,575.3132,528.0955,0,person,player,0.9957158000000002,0,0.0
1,1103.1278,734.5703,1159.9535,865.60815,0,person,player,0.98379433,1,1.0
2,927.28827,767.54114,982.8747,900.1427,0,person,player,0.94752586,2,0.0
3,669.1325,493.41,720.1083,560.57104,0,person,player,0.94155943,3,0.0
4,1688.6815,517.83057,1724.4088,630.17584,0,person,player,0.9381169,4,0.0
5,1208.2269,458.21353,1247.3259,555.5634,0,person,player,0.9375458,5,0.0
6,1493.5111,639.14325,1535.989,761.3731700000002,0,person,player,0.9062246,6,0.0
7,1886.9252,558.5638,1917.4972,689.4079,0,person,player,0.8519011999999999,7,1.0
8,1137.6455,456.35544,1170.3962,534.8558,0,person,player,0.8300545,8,1.0
