,x0,y0,x1,y1,label_id,label_det,label,conf_bbox,detection_id,team
0,269.89813,387.90396,306.02402,481.60458,0,person,player,0.99650663,0,0.0
1,871.3133,380.215,914.8546,456.45926,0,person,player,0.9829922,2,0.0
2,740.9769,343.38458,770.32434,425.0689,0,person,player,0.9801632,3,1.0
3,1050.7965,388.2257,1083.7205,468.45966,0,person,player,0.9744143,4,0.0
4,694.3673,335.8216,734.3305,409.79214,0,person,player,0.96918774,5,1.0
5,772.057,352.3862299999999,799.9971,440.81537,0,person,player,0.9288961,6,0.0
6,782.3614,369.25366,811.6691,447.66336,0,person,player,0.9239508,8,1.0
7,797.0342400000002,360.1249,848.0163,447.4435,0,person,player,0.9068675,9,0.0
8,795.72955,287.94168,825.7894,359.6392,0,person,player,0.8609005,12,1.0
