,x0,y0,x1,y1,label_id,label_det,label,conf_bbox,detection_id,team
0,1390.3737,343.8482,1415.9363,426.3271,0,person,player,0.9948145,0,1.0
1,426.7765,506.89923,461.7737,608.84375,0,person,player,0.99429816,1,0.0
2,1271.5615,611.9969,1311.8965,724.3636,0,person,player,0.9936814,2,1.0
3,1706.5232,198.91733,1742.3667,265.76868,0,person,player,0.99231684,3,0.0
4,1524.6187,963.43024,1584.9741,1080.0,0,person,player,0.99147034,4,1.0
5,1826.1033,417.40497,1861.2135,510.647,0,person,player,0.9902286,5,1.0
6,1646.4088,384.8412,1679.033,469.1956,0,person,player,0.97724175,7,0.0
7,1072.3284,284.6959,1102.9841,364.57697,0,person,player,0.9662942,8,0.0
8,1120.0009,639.25433,1185.2482,750.6398,0,person,player,0.96236503,9,0.0
