,x0,y0,x1,y1,label_id,label_det,label,conf_bbox,detection_id,team
0,1515.8842,490.88116,1554.1013,581.7888,0,person,player,0.9966121,0,1.0
1,981.90753,330.9297200000001,1010.6835,400.77222,0,person,player,0.9926142,1,0.0
2,307.37982,392.91956,349.9628,477.39832,0,person,player,0.99241346,2,0.0
3,1065.9069,918.4085,1122.0566,1056.3077,0,person,player,0.99083364,3,0.0
4,1634.3778,280.22614,1661.1986,344.62625,0,person,player,0.97646284,4,0.0
5,1823.9841,626.54114,1872.347,727.4291,0,person,player,0.96895003,5,0.0
6,504.82956,555.32916,539.6538,660.5488,0,person,player,0.94919443,6,0.0
7,1891.1565,907.72205,1917.0125,972.9097,0,person,player,0.8497013000000001,7,1.0
