,x0,y0,x1,y1,label_id,label_det,label,conf_bbox,detection_id,team
0,0.40396214,641.0757,203.76819,953.62897,0,person,player,0.99648106,0,1.0
1,171.64158999999995,909.9638,371.15347,1079.7941,0,person,player,0.9908453000000002,1,0.0
2,1863.5437,940.88696,1919.9758,1080.0,0,person,player,0.949749,2,0.0
