,x0,y0,x1,y1,label_id,label_det,label,conf_bbox,detection_id,team
0,1128.2313,731.8606599999998,1186.0924,829.65216,0,person,player,0.99844646,0,1.0
1,151.82709,534.1639,200.1361,632.21606,0,person,player,0.9950764,1,1.0
2,1115.0475,500.0889,1173.376,568.70685,0,person,player,0.9941646,2,1.0
