,x0,y0,x1,y1,label_id,label_det,label,conf_bbox,detection_id,team
0,430.09308,478.38998,472.978,543.11365,0,person,player,0.9889614,0,1.0
1,366.75833,759.623,400.82974,862.6759,0,person,player,0.9880563,2,1.0
2,100.31141,528.2475599999998,133.54681000000002,615.4982,0,person,player,0.96724224,3,0.0
3,426.13928,431.0511,447.351,479.35876,0,person,player,0.9612061,4,1.0
4,57.696533,551.14716,98.95855,613.47296,0,person,player,0.9565671999999998,5,1.0
5,538.7458,510.55548,575.8273,582.0275,0,person,player,0.95589375,6,0.0
6,70.09779,389.8719,107.593346,442.07056,0,person,player,0.94828147,7,1.0
7,100.23403,458.4108,141.40028,529.6898,0,person,player,0.88417435,9,0.0
8,389.12375,386.3929,428.3758,446.69772,0,person,player,0.8690786,10,0.0
