,x0,y0,x1,y1,label_id,label_det,label,conf_bbox,detection_id,team
0,168.31009,502.03995,210.75188,588.5695,0,person,player,0.9949708,0,0.0
1,339.4840000000001,421.518,373.03265,509.1169,0,person,player,0.98813725,3,1.0
2,657.1730299999998,687.27545,687.1879,799.12585,0,person,player,0.95620906,5,1.0
3,684.2057,664.2455,718.72876,770.4504400000002,0,person,player,0.8625470999999999,10,0.0
