,x0,y0,x1,y1,label_id,label_det,label,conf_bbox,detection_id,team
0,188.15683,536.31647,255.23401,648.4109,0,person,player,0.9973588,0,0.0
1,113.06087,633.26666,162.07457,749.9901,0,person,player,0.9959321,1,1.0
2,1106.8698,878.8486300000002,1161.0824,1032.3413,0,person,player,0.99590576,2,0.0
3,413.70108,393.5366,465.93884,479.00916,0,person,player,0.99291646,3,1.0
4,611.41614,335.45825,652.17474,416.22546,0,person,player,0.9882252,4,0.0
5,927.3295,388.0474200000001,980.2223,486.61218,0,person,player,0.98611563,5,0.0
6,1168.6439,528.5976,1199.5739,642.5563,0,person,player,0.98316884,6,1.0
7,905.4644,431.44467,933.4948,499.49896,0,person,player,0.9730994,7,1.0
8,1760.5935,713.9091,1823.5619,858.63544,0,person,player,0.96158856,8,0.0
