,x0,y0,x1,y1,label_id,label_det,label,conf_bbox,detection_id,team
0,1368.9614,381.58997,1439.9481,536.38586,0,person,player,0.9978785,0,0.0
1,1755.3853,288.41644,1800.7505,431.84122,0,person,player,0.9974903,1,0.0
2,1082.2831,326.7135,1153.5292,470.5558,0,person,player,0.99724185,2,1.0
3,1005.38763,591.2943,1091.2195,755.1524,0,person,player,0.99578476,4,1.0
4,637.1755400000002,397.05774,724.7071,515.2615,0,person,player,0.9955995,5,1.0
5,391.64554,360.21533,473.13297,506.6608,0,person,player,0.99139524,6,0.0
6,836.3399,361.44012,914.03143,512.1791,0,person,player,0.9875928,7,0.0
7,40.282845,354.1454,83.4681,516.09265,0,person,player,0.9851162,8,1.0
8,437.26047,215.6951,482.5893,291.42688,0,person,player,0.9393693,9,0.0
