,x0,y0,x1,y1,label_id,label_det,label,conf_bbox,detection_id,team
0,1367.4017,627.309,1403.9451,744.2441,0,person,player,0.99687165,0,1.0
1,1270.3705,840.4141,1327.1666,965.20807,0,person,player,0.9965479,1,0.0
2,151.78893,498.85568,201.31801,600.0024400000002,0,person,player,0.9962816,2,0.0
3,418.28717,357.75665,463.5619,440.15805,0,person,player,0.9954728,3,0.0
4,508.3833,503.86053,565.68005,605.6309,0,person,player,0.995341,4,1.0
5,978.65936,589.5969,1025.6051,704.12885,0,person,player,0.99496686,5,0.0
6,1065.2179,320.38608,1102.3748,403.07257,0,person,player,0.992733,6,1.0
7,1506.3896,415.78278,1543.1998,513.6315,0,person,player,0.9920444,7,0.0
