,x0,y0,x1,y1,label_id,label_det,label,conf_bbox,detection_id,team
0,1216.4755,437.80652,1268.4788,520.89526,0,person,player,0.9979173,0,1.0
1,437.75735,728.6820700000002,486.5875,861.66766,0,person,player,0.9966964,1,0.0
2,592.0309,942.7321,648.6675,1080.0,0,person,player,0.996181,2,1.0
3,653.6578400000002,644.3609,695.5652,771.8354,0,person,player,0.9959668,3,1.0
4,982.0743,483.65857,1022.7967,598.21826,0,person,player,0.9864726,4,1.0
5,556.67804,515.8502,610.67975,621.4198,0,person,player,0.9864292,5,0.0
