,x0,y0,x1,y1,label_id,label_det,label,conf_bbox,detection_id,team
0,1693.2538,481.47418,1720.7855,559.2727,0,person,player,0.9876045,0,1.0
1,1556.885,443.7754,1583.7592,509.8391,0,person,player,0.9821304,1,1.0
2,1722.5615,413.03583,1750.7902,480.28186,0,person,player,0.9814233,2,0.0
3,1634.8462,566.7089,1662.1154,647.2289400000002,0,person,player,0.976295,3,1.0
4,1670.8224,370.58923,1696.0193,431.23523,0,person,player,0.9103346,4,0.0
5,1497.1992,470.51175,1529.2241,541.7233,0,person,player,0.85966814,7,1.0
6,1540.1227,437.52792,1565.5608,491.805,0,person,player,0.84379804,9,1.0
