,x0,y0,x1,y1,label_id,label_det,label,conf_bbox,detection_id,team
0,399.57828,190.18811,455.8261,326.2611,0,person,player,0.9969041,0,0.0
1,528.0306400000002,201.30276,602.06213,320.10107,0,person,player,0.99593675,2,1.0
2,1134.3538,344.7443,1239.3088,463.0279,0,person,player,0.99586457,3,0.0
3,591.37805,307.21396,692.4565,466.05800000000005,0,person,player,0.9900826,4,1.0
4,381.61462,92.2435,448.18738,214.9035,0,person,player,0.9866616,6,1.0
5,540.8290000000002,403.68246,600.2399,568.3231,0,person,player,0.97725576,7,1.0
