,x0,y0,x1,y1,label_id,label_det,label,conf_bbox,detection_id,team
0,1152.4998,472.7009,1199.1349,590.4259999999998,0,person,player,0.9973151,0,1.0
1,909.425,873.3743,983.561,1038.3975,0,person,player,0.99661744,1,1.0
2,710.2399,794.5508,757.4374,944.04193,0,person,player,0.9962348,2,0.0
3,346.0343299999999,279.78223,382.73224,374.9639,0,person,player,0.9958278,3,1.0
4,124.57175,320.75568,163.75933999999995,414.62424,0,person,player,0.9953147,5,0.0
5,1345.0398,456.85284,1377.5518,564.8240000000002,0,person,player,0.96839225,6,0.0
