,x0,y0,x1,y1,label_id,label_det,label,conf_bbox,detection_id,team
0,1839.4984,809.76184,1904.3184,928.37036,0,person,player,0.99793905,0,1.0
1,1584.7529,738.55457,1621.0654,847.2416400000002,0,person,player,0.9939773,1,0.0
2,1477.7684,473.78348,1508.8616,557.0414,0,person,player,0.99185324,2,0.0
3,1442.6228,608.33374,1477.4696,696.31775,0,person,player,0.9881401,3,1.0
4,1640.5222,484.4347,1671.698,563.02954,0,person,player,0.9863736,4,1.0
5,1887.5957,373.3846,1914.1263,443.72705,0,person,player,0.9769145,5,0.0
6,219.64459,418.01392,257.40002000000004,479.41998,0,person,player,0.962046,6,0.0
7,1461.6674,622.86395,1493.1461,723.7798,0,person,player,0.96056116,7,0.0
