,x0,y0,x1,y1,label_id,label_det,label,conf_bbox,detection_id,team
0,8.263392,663.9742,86.39474,779.5863,0,person,player,0.99701184,0,0.0
1,1067.0623,596.2292,1135.1335,690.1988,0,person,player,0.9942745,1,1.0
2,801.5991,621.7092,892.21765,741.8368,0,person,player,0.99006367,3,0.0
3,1246.3872,646.4487,1303.3873,767.8273,0,person,player,0.9892715,4,1.0
4,941.3808,398.19055,987.6603,502.18793,0,person,player,0.9850275,5,0.0
5,956.478,542.3453400000002,1029.9017,646.2562,0,person,player,0.97270775,6,0.0
6,890.9337,507.2568,955.2333,600.1344,0,person,player,0.95123714,7,0.0
7,598.43396,578.4159999999998,664.2372,672.78503,0,person,player,0.91789216,9,0.0
8,891.5179,429.68604000000005,933.59595,534.88086,0,person,player,0.8332309999999999,11,1.0
