,x0,y0,x1,y1,label_id,label_det,label,conf_bbox,detection_id,team
0,1357.9993,699.7977,1412.3525,840.2294300000002,0,person,player,0.99546003,1,0.0
1,1044.7086,929.9706,1103.6862,1079.6538,0,person,player,0.99490726,2,1.0
2,262.14868,514.8473,302.53983,622.3644,0,person,player,0.99313873,3,0.0
3,1615.3759,675.8766,1660.554,816.72565,0,person,player,0.98933,4,0.0
4,1285.9697,427.52795,1322.6154,536.74146,0,person,player,0.98299587,5,0.0
5,1067.1575,415.4697,1112.0421,515.0352,0,person,player,0.97926426,6,0.0
6,911.0583,366.72495,951.8021,456.71866,0,person,player,0.97376657,7,0.0
7,474.80362,315.37665,502.89243,407.8094,0,person,player,0.95839566,8,0.0
8,1674.7247,284.97992,1713.4288,366.6587,0,person,player,0.95016897,9,0.0
