,x0,y0,x1,y1,label_id,label_det,label,conf_bbox,detection_id,team
0,915.81775,654.4707,965.7214,791.08887,0,person,player,0.9974846,0,0.0
1,418.41052,658.2599,480.38647,790.71094,0,person,player,0.996972,1,1.0
2,568.8664,353.2683,602.89667,437.5395,0,person,player,0.9954986,2,0.0
3,1418.7705,542.0113,1456.4861,655.89545,0,person,player,0.99359787,3,0.0
4,1088.0148,296.8683200000001,1111.9393,368.8056,0,person,player,0.99128956,4,0.0
5,696.8578,503.02197,740.84204,594.89923,0,person,player,0.98733324,6,1.0
6,49.441998,239.51237000000003,76.092285,301.72498,0,person,player,0.9725728,7,0.0
7,687.34717,333.57303,718.35535,415.8093,0,person,player,0.9567088,8,1.0
