,x0,y0,x1,y1,label_id,label_det,label,conf_bbox,detection_id,team
0,1720.1179,462.52484,1769.8857,562.4539,0,person,player,0.9856321,0,0.0
1,1440.442,447.05038,1485.9244,536.6861,0,person,player,0.9854688,1,1.0
2,1153.331,642.6362,1207.1385,766.8014,0,person,player,0.9813335,2,1.0
3,1006.52136,644.7311,1051.1964,764.7486,0,person,player,0.9806482,3,0.0
4,1420.4032,527.3589,1488.0585,634.91693,0,person,player,0.9731216,4,0.0
5,1225.4963,429.4124,1272.2767,511.4066,0,person,player,0.9721285,5,1.0
6,1068.2573,512.21625,1126.1562,605.5877,0,person,player,0.9586308,6,1.0
7,1847.9666,548.6237,1900.4027,633.0203,0,person,player,0.9050747,8,0.0
