,x0,y0,x1,y1,label_id,label_det,label,conf_bbox,detection_id,team
0,1171.9594,587.5962,1229.0961,700.2275,0,person,player,0.9978974,0,1.0
1,1327.7216,831.4415,1399.6538,976.74304,0,person,player,0.9974452,1,1.0
2,422.32602,527.5144,466.3198,630.1231700000002,0,person,player,0.9964316,2,0.0
3,740.5022,847.51685,813.0091,977.10284,0,person,player,0.9959711,3,0.0
4,80.597824,310.4008,110.08627,386.65134,0,person,player,0.99564993,4,0.0
5,1531.9286,326.88318,1565.7944,415.49484,0,person,player,0.99527377,5,0.0
6,0.078846216,901.84644,48.572605,1057.9747,0,person,player,0.99347377,6,0.0
7,717.9154,283.63605,744.4807,359.13593,0,person,player,0.9934535,7,1.0
8,993.69666,516.451,1047.7332,620.2547,0,person,player,0.98783726,8,0.0
