,x0,y0,x1,y1,label_id,label_det,label,conf_bbox,detection_id,team
0,1178.2344,391.22412,1218.5712,469.20874,0,person,player,0.99830186,0,0.0
1,1577.4258,865.5951,1657.3175,992.22424,0,person,player,0.9978826,1,1.0
2,347.82098,478.30753,404.4421,584.9668,0,person,player,0.997597,2,0.0
3,146.14557,829.3673,215.76059,980.12994,0,person,player,0.99743694,3,0.0
4,1781.9972,479.25046,1847.0999,583.53107,0,person,player,0.997396,4,1.0
5,1746.1237,363.08826,1794.705,452.9417,0,person,player,0.99660766,5,1.0
6,1113.5312,233.08125,1142.6644,305.07315,0,person,player,0.99363625,6,0.0
