,x0,y0,x1,y1,label_id,label_det,label,conf_bbox,detection_id,team
0,626.1078,816.6001,651.34924,876.5726300000001,0,person,player,0.9412974,2,0.0
1,1495.2820000000004,808.93085,1525.7986,874.0824,0,person,player,0.9084424,4,0.0
2,824.5921599999998,553.7398,843.09924,600.7385,0,person,player,0.80174655,10,0.0
