,x0,y0,x1,y1,label_id,label_det,label,conf_bbox,detection_id,team
0,881.99603,754.88385,944.21356,889.9639,0,person,player,0.99662435,0,0.0
1,1157.7566,593.9105,1207.2177,701.4856,0,person,player,0.99284554,1,0.0
2,979.1598,482.02176,1012.41864,571.89233,0,person,player,0.9866285,2,1.0
3,1538.0067,463.1357,1591.3563,535.9057,0,person,player,0.9769599,4,0.0
4,1319.2043,762.6889,1386.1743,896.0975300000001,0,person,player,0.9666617,6,1.0
5,1168.5996,433.8078,1223.7314,505.29962,0,person,player,0.9538261999999998,7,0.0
6,829.3426,572.2368,876.2976699999998,684.8016,0,person,player,0.9537586,8,1.0
7,1881.3768,554.971,1908.3699,643.3402,0,person,player,0.8560245999999999,9,0.0
