,x0,y0,x1,y1,label_id,label_det,label,conf_bbox,detection_id,team
0,643.2644700000002,486.30576,678.5404,550.56836,0,person,player,0.99612945,0,1.0
1,1248.2109,555.1105,1277.7466,638.7691,0,person,player,0.9916506,1,0.0
2,1667.4642,387.27435,1690.4016,448.70154,0,person,player,0.9686806,2,0.0
3,1374.8829999999996,413.61652,1401.8788,475.8258,0,person,player,0.96554875,3,1.0
4,1001.5707,460.20334,1024.8481,522.0129,0,person,player,0.9530438,4,0.0
5,1532.8446,357.97586,1564.5178,413.41537,0,person,player,0.9138396,5,1.0
6,1568.5825,413.9098,1598.3191,475.1524,0,person,player,0.86442393,7,1.0
