,x0,y0,x1,y1,label_id,label_det,label,conf_bbox,detection_id,team
0,738.8863,393.8474,827.9009,492.27963,0,person,player,0.9981141,0,0.0
1,1130.385,680.7874,1218.0365,811.1285,0,person,player,0.9880013,2,1.0
2,1126.5464,510.17383,1211.5015,603.54626,0,person,player,0.9876971,3,0.0
3,1019.2323,689.0978,1074.8181,821.46924,0,person,player,0.9850609,4,0.0
4,1305.7977,362.69025,1345.0139,445.33496,0,person,player,0.9489936,5,0.0
5,1291.7487,591.29034,1330.4009,717.0423599999998,0,person,player,0.93220985,6,0.0
6,1114.0773,589.2397,1185.4907,673.2325400000002,0,person,player,0.84380066,8,1.0
