,x0,y0,x1,y1,label_id,label_det,label,conf_bbox,detection_id,team
0,1484.2133,830.91113,1538.1492,972.4606,0,person,player,0.99519765,0,1.0
1,715.549,583.8373,744.27655,681.21747,0,person,player,0.9916804,1,0.0
2,1333.7355,426.59933,1385.7207,496.6913,0,person,player,0.9906956,2,1.0
3,427.7871,479.5657,456.99283,576.9596,0,person,player,0.98876876,3,1.0
4,568.5018299999998,441.3568,594.2230000000002,512.1703,0,person,player,0.98190546,4,0.0
5,921.418,265.01306,946.70557,328.3862,0,person,player,0.97660303,5,1.0
6,457.64285,330.49048,478.53622,400.26773,0,person,player,0.9760598,6,0.0
