,x0,y0,x1,y1,label_id,label_det,label,conf_bbox,detection_id,team
0,1036.7474,745.05115,1069.5668,812.66345,0,person,player,0.98400134,5,1.0
1,1541.5334,597.4109,1565.7025,660.0929,0,person,player,0.98385805,6,1.0
