,x0,y0,x1,y1,label_id,label_det,label,conf_bbox,detection_id,team
0,1090.2377,806.4887,1202.3671,938.0123,0,person,player,0.99419916,0,1.0
1,1380.7854,431.52255,1423.8273,515.1242,0,person,player,0.99291563,1,1.0
2,480.60175,623.03516,518.94916,725.7624,0,person,player,0.9918499,2,0.0
3,310.33353,521.0282,346.3906,613.6696,0,person,player,0.97365737,3,1.0
4,270.97968,358.86658,296.07486,428.7002,0,person,player,0.973012,4,0.0
5,575.5516,301.75247,602.55035,347.3033,0,person,player,0.9727873,5,1.0
6,303.49908,489.3376,331.11575,541.6414,0,person,player,0.8947103000000001,6,0.0
