,x0,y0,x1,y1,label_id,label_det,label,conf_bbox,detection_id,team
0,1439.6853,737.1098599999998,1502.4761,889.698,0,person,player,0.99853534,0,1.0
1,1402.6874,389.08044,1459.2267,495.44885,0,person,player,0.99781907,1,1.0
2,641.4422,712.87634,707.33234,845.9506,0,person,player,0.9967408,2,0.0
3,884.4384,387.7045,944.4199,483.57806,0,person,player,0.9952344,3,0.0
4,898.7710000000002,251.0505,935.8425,347.97647,0,person,player,0.9914969,4,0.0
5,950.3705,131.62086000000002,981.164,213.37514,0,person,player,0.9885504,5,1.0
6,106.557755,0.07615328,133.34634,51.350067,0,person,player,0.97468674,7,1.0
7,50.219185,413.4403,97.62516,496.4899,0,person,player,0.9501702,8,0.0
