,x0,y0,x1,y1,label_id,label_det,label,conf_bbox,detection_id,team
0,1404.1270000000004,730.51904,1467.2756,871.6776,0,person,player,0.9971077,0,1.0
1,1491.7562,482.74716,1529.4937,592.3731700000002,0,person,player,0.99647427,1,1.0
2,553.7654,410.4032,604.39044,508.434,0,person,player,0.9960376,3,1.0
3,287.1744,735.67206,326.28476,864.09973,0,person,player,0.9949476,4,0.0
4,319.64386,557.609,360.88397,672.5678,0,person,player,0.9929642,5,1.0
5,511.53638,369.55612,539.405,453.27545,0,person,player,0.9916018,6,0.0
6,828.0371,467.6333,870.0058,562.99207,0,person,player,0.98880404,7,0.0
7,1201.6156,379.2916,1246.1652,445.71906,0,person,player,0.9860398,8,1.0
8,679.1872,330.42975,709.3789,409.8061,0,person,player,0.9699687,9,1.0
