,x0,y0,x1,y1,label_id,label_det,label,conf_bbox,detection_id,team
0,1362.4851,515.8480000000002,1431.9661,610.7203,0,person,player,0.997882,0,1.0
1,1242.8077,787.4678299999998,1306.4861,941.92316,0,person,player,0.9976082,1,1.0
2,1311.4155,548.2175,1422.0437,644.4262,0,person,player,0.9971018,2,0.0
3,1136.3414,208.22081,1167.5826,298.39523,0,person,player,0.99484026,3,0.0
4,352.26703,379.93826,396.9589,473.87012,0,person,player,0.9924306,4,1.0
5,540.19415,389.63922,592.7208,482.47644,0,person,player,0.9648057,6,0.0
