,x0,y0,x1,y1,label_id,label_det,label,conf_bbox,detection_id,team
0,1759.544,791.6085,1833.5806,927.6183,0,person,player,0.997684,0,1.0
1,1429.6454,822.23737,1484.0593,960.74207,0,person,player,0.9956517,1,1.0
2,1689.2656,822.2289,1740.7562,954.5604,0,person,player,0.9951366,2,0.0
3,552.80225,407.73965,593.6183,479.80334000000005,0,person,player,0.9938066,3,0.0
4,313.5056,596.16626,345.2477,706.2178,0,person,player,0.99228394,4,0.0
5,1383.5306,480.69397,1422.5632,580.1596,0,person,player,0.9827458,6,1.0
