,x0,y0,x1,y1,label_id,label_det,label,conf_bbox,detection_id,team
0,832.2073,742.9119999999998,891.8518,877.1279,0,person,player,0.9974784,0,1.0
1,698.1963,447.08618,755.922,522.9789400000002,0,person,player,0.9965639,1,0.0
2,470.03964,546.6787,504.81778,641.8005400000002,0,person,player,0.98631895,2,1.0
3,589.14325,425.79605,634.90247,508.29175,0,person,player,0.9830067,3,1.0
4,1613.9346,454.6852,1677.5546,550.50555,0,person,player,0.9820384,4,0.0
5,1502.2919,492.66443,1544.1752,586.00323,0,person,player,0.9761225,5,0.0
6,1795.7979999999998,405.62854,1848.6465,496.15973,0,person,player,0.9475583,6,0.0
7,1502.55,475.58017,1522.5859,529.99695,0,person,player,0.8679575,7,1.0
