,x0,y0,x1,y1,label_id,label_det,label,conf_bbox,detection_id,team
0,1040.0743,625.5072,1092.9957,755.3543,0,person,player,0.99443245,0,1.0
1,601.66364,443.36565999999993,645.97516,529.945,0,person,player,0.9926982,1,1.0
2,542.18945,893.1347,617.11646,1051.5044,0,person,player,0.9881264,2,1.0
3,63.28705600000001,466.3731,119.26553,576.1049,0,person,player,0.9813125,3,1.0
4,1732.3116,506.48935,1790.0035,605.79315,0,person,player,0.9805831,4,1.0
5,758.7615,708.10785,814.1604,836.1515,0,person,player,0.9562595,6,1.0
6,391.31705,418.57874,429.20053,474.1077,0,person,player,0.8093435,8,0.0
