,x0,y0,x1,y1,label_id,label_det,label,conf_bbox,detection_id,team
0,1559.3717,629.2872,1623.1782,750.66675,0,person,player,0.99619985,0,1.0
1,65.04151999999999,724.27094,128.05273,867.57855,0,person,player,0.99381626,2,1.0
2,1389.8777,926.5981,1438.3484,1075.9559,0,person,player,0.9936662,3,1.0
3,887.90765,513.6503,926.24536,624.7719999999998,0,person,player,0.9926009,4,1.0
4,886.4166,615.7688,936.5454,728.2167400000002,0,person,player,0.99062985,5,0.0
5,684.3807400000002,418.541,732.68475,512.7155,0,person,player,0.9825152,6,1.0
6,1173.496,349.13544,1205.1626,427.59006,0,person,player,0.97740865,7,0.0
7,1238.8169,323.2564700000001,1268.4225,411.57077,0,person,player,0.83800924,10,1.0
