,x0,y0,x1,y1,label_id,label_det,label,conf_bbox,detection_id,team
0,595.9185,394.2061,648.68585,520.6106,0,person,player,0.99671817,0,0.0
1,46.129597,792.8518,162.78795,947.5105,0,person,player,0.99641937,1,0.0
2,1316.7087,395.38696,1363.5745,483.32416,0,person,player,0.9954977,2,0.0
3,75.96866999999997,857.7923,170.55128,1023.158,0,person,player,0.9914075,3,0.0
4,154.31161,622.8665,228.21179,751.4777,0,person,player,0.9878732,4,0.0
5,705.5712,454.8181,774.18164,552.1507,0,person,player,0.97953343,6,0.0
6,483.25012,481.83466,552.44464,549.8756,0,person,player,0.9428197,7,0.0
7,3.8993096,395.4097,70.1888,478.88284,0,person,player,0.8178373999999999,9,0.0
