,x0,y0,x1,y1,label_id,label_det,label,conf_bbox,detection_id,team
0,1164.2322,560.89435,1241.3112,792.8620599999998,0,person,player,0.99587953,0,0.0
1,1707.3616,566.2699,1796.3027,794.3954,0,person,player,0.9946253,1,1.0
2,887.2126,461.15872,1006.25793,670.9542,0,person,player,0.9928567,2,1.0
3,406.69077,770.82227,506.73236,1024.4099,0,person,player,0.9924797,3,0.0
4,178.42741,603.3438,325.67917,801.1902,0,person,player,0.99023336,5,0.0
5,284.3192,469.03003,335.61176,652.8988,0,person,player,0.9890311,6,0.0
6,0.6319213,514.4229,69.77006,766.3573,0,person,player,0.9664818,7,1.0
7,209.53296,448.09616,290.49164,672.64307,0,person,player,0.91844904,9,1.0
