,x0,y0,x1,y1,label_id,label_det,label,conf_bbox,detection_id,team
0,1410.8092,528.89954,1452.6154,645.56335,0,person,player,0.9956726,0,1.0
1,1297.0382,676.22003,1349.9349,808.3430000000002,0,person,player,0.99400985,1,1.0
2,1458.9294,376.5494,1490.4921,463.82034,0,person,player,0.99269295,2,1.0
3,895.64844,665.0988,940.94104,785.35583,0,person,player,0.99237645,3,0.0
4,1683.0895,978.7263,1766.5812,1079.3436,0,person,player,0.99033654,4,0.0
5,1096.6847,529.8411,1142.6993,635.4154,0,person,player,0.957644,6,0.0
6,625.64404,447.91653,692.1647,532.0114,0,person,player,0.9355315,7,1.0
7,1330.6273,295.59305,1354.8531,381.46677,0,person,player,0.921292,9,0.0
