,x0,y0,x1,y1,label_id,label_det,label,conf_bbox,detection_id,team
0,863.6564,661.0249,917.62714,762.36487,0,person,player,0.99591184,0,0.0
1,1485.7401,713.86993,1535.4839,841.9191,0,person,player,0.99539965,1,0.0
2,1386.408,461.45587,1422.0012,555.3177,0,person,player,0.9917911,3,0.0
3,1447.9308,898.09595,1518.6877,1017.19586,0,person,player,0.98186445,4,1.0
4,1214.0024,512.4889,1254.0027,608.83636,0,person,player,0.9746922,5,0.0
5,1344.277,482.6152,1376.3058,566.31177,0,person,player,0.96141624,6,1.0
6,1128.6863,522.13995,1160.447,620.8079,0,person,player,0.95776975,7,0.0
7,1088.8152,682.9096,1127.6859,797.57947,0,person,player,0.9287264,9,1.0
