,x0,y0,x1,y1,label_id,label_det,label,conf_bbox,detection_id,team
0,463.13303,806.9864,491.93103,876.1088,0,person,player,0.9256958,7,1.0
1,386.3844,898.8027300000001,420.3245,970.1984,0,person,player,0.8760825999999999,13,1.0
