,x0,y0,x1,y1,label_id,label_det,label,conf_bbox,detection_id,team
0,64.76243000000001,420.6531,98.82318,506.35608,0,person,player,0.9973055,0,0.0
1,1592.1619,682.5936,1624.8608,812.561,0,person,player,0.996652,1,1.0
2,668.6246,344.5031,695.5861,427.28683,0,person,player,0.9957497,2,1.0
3,1147.7655,607.2834,1191.4778,719.6892,0,person,player,0.99475527,3,0.0
4,1336.4996,461.42554,1384.0168,554.2316,0,person,player,0.99439853,4,0.0
