,x0,y0,x1,y1,label_id,label_det,label,conf_bbox,detection_id,team
0,919.8129,174.25302,993.0347,333.62674,0,person,player,0.9970468,0,0.0
1,121.89269,115.9856,202.47424,243.79681,0,person,player,0.99668264,1,0.0
2,541.6056,794.6728,627.2503,1001.79877,0,person,player,0.99607015,2,1.0
3,1363.5793,508.53693,1442.6101,671.1173,0,person,player,0.99537385,3,0.0
4,1373.7034,0.0,1423.7762,87.98695,0,person,player,0.9950501,4,0.0
5,1059.5542,0.25445402,1096.8345,55.898415,0,person,player,0.97521245,8,1.0
