,x0,y0,x1,y1,label_id,label_det,label,conf_bbox,detection_id,team
0,1542.5466,557.2212,1574.1998,612.6114,0,person,player,0.99245805,0,1.0
1,1605.604,779.2797,1637.7429,864.0419999999998,0,person,player,0.9894387,1,0.0
2,1843.7452,672.35187,1863.6406,739.8872700000002,0,person,player,0.97756326,3,1.0
3,1442.8708,714.4266,1463.1132,782.93945,0,person,player,0.9580133,4,1.0
4,731.398,988.18176,765.5363,1078.062,0,person,player,0.9198247,5,0.0
5,1129.487,991.82776,1171.613,1079.8492,0,person,player,0.84920883,7,1.0
6,1680.0884,1005.66205,1709.5177,1066.6799,0,person,player,0.8423154,8,0.0
