,x0,y0,x1,y1,label_id,label_det,label,conf_bbox,detection_id,team
0,1199.7393,641.1283,1243.81,765.6289999999998,0,person,player,0.99774456,1,1.0
1,737.8064,422.98865,793.35815,507.23706,0,person,player,0.9968352,2,1.0
2,392.88644,426.64096,425.5123,523.8585,0,person,player,0.9943847,3,0.0
3,1081.8357,433.40808,1136.6174,522.9049,0,person,player,0.99348605,4,1.0
4,422.66382,660.88324,464.39212,778.9667400000002,0,person,player,0.9893877,5,0.0
5,985.5749,434.07773,1012.0247,525.244,0,person,player,0.98886704,6,0.0
6,1301.7944,367.9095,1341.3466,435.4342,0,person,player,0.9488057,7,1.0
7,638.37646,386.30884,690.8218400000002,465.69015999999993,0,person,player,0.9093504,9,0.0
8,730.39136,383.2261,772.35077,437.2071,0,person,player,0.8204471,11,1.0
