,x0,y0,x1,y1,label_id,label_det,label,conf_bbox,detection_id,team
0,1396.0573,592.5635,1472.7965,715.7048,0,person,player,0.9982027,0,1.0
1,193.66666,712.5718,249.8205,850.0279,0,person,player,0.9956999,1,0.0
2,1322.4419,866.0821,1382.5363,1020.8367,0,person,player,0.9955263,2,1.0
3,1262.3641,315.29355,1310.5745,396.39227,0,person,player,0.99490994,3,1.0
4,509.17538,655.10974,553.83905,783.1896,0,person,player,0.99469936,4,1.0
5,278.14667000000003,314.96448,312.8617,411.8969,0,person,player,0.99318856,5,1.0
6,1132.0591,544.90045,1188.3624,645.05725,0,person,player,0.9925438,6,0.0
7,784.6668,806.9497700000002,836.1005,947.2787,0,person,player,0.971358,8,0.0
