,x0,y0,x1,y1,label_id,label_det,label,conf_bbox,detection_id,team
0,1407.6567,571.76807,1440.2041,690.8695700000002,0,person,player,0.99615043,0,1.0
1,1112.0292,483.96356,1143.9285,592.03345,0,person,player,0.9956106,1,1.0
2,1284.4106,534.52765,1341.214,638.0880000000002,0,person,player,0.99433106,2,0.0
3,650.1028,876.6606,707.0963,1020.7441,0,person,player,0.99429226,3,0.0
4,529.5192,456.63098,582.43335,558.9708,0,person,player,0.99425817,4,1.0
5,1057.8364,508.33728,1096.7031,620.6622,0,person,player,0.9920098,5,0.0
6,207.08446,401.98816,247.52165,494.24405,0,person,player,0.9909169,6,1.0
7,1073.0209,388.7915,1110.3922,487.4675,0,person,player,0.9786948,8,1.0
8,1146.8997,467.98596,1191.6787,548.9149,0,person,player,0.947474,10,1.0
