,x0,y0,x1,y1,label_id,label_det,label,conf_bbox,detection_id,team
0,1028.1935,496.3419,1081.208,575.1184,0,person,player,0.9982872,0,1.0
1,968.045,677.0177,1013.1546,779.0657,0,person,player,0.9940878,1,1.0
2,6.4471107000000005,424.26395,35.003536,497.70813,0,person,player,0.98957604,3,0.0
3,178.60951,403.7808,209.685,465.3785,0,person,player,0.97195864,4,1.0
4,514.8422,369.72342,529.7859,433.6768,0,person,player,0.94576496,5,1.0
