,x0,y0,x1,y1,label_id,label_det,label,conf_bbox,detection_id,team
0,1119.1501,842.8589,1159.1948,926.37067,0,person,player,0.97718537,0,0.0
1,617.7518,816.31323,643.72437,876.10004,0,person,player,0.92124486,4,0.0
2,1248.1909,799.6456,1267.7675,862.5111,0,person,player,0.8529004000000001,9,0.0
