,x0,y0,x1,y1,label_id,label_det,label,conf_bbox,detection_id,team
0,1245.9255,442.69757,1272.6736,527.8981,0,person,player,0.9907031,0,0.0
1,1559.0105,931.7506,1616.3787,1066.3878,0,person,player,0.9899532,1,1.0
2,926.137,581.02844,971.9022,689.92975,0,person,player,0.98938406,2,0.0
3,1077.2374,530.63806,1120.8605,625.5164,0,person,player,0.9890818,3,0.0
4,1297.5104,717.255,1350.0864,849.1213,0,person,player,0.9858854,4,0.0
5,492.4434,490.37085,533.2430400000002,570.3162,0,person,player,0.9831853000000002,6,0.0
6,1203.3442,516.42413,1238.3396,606.2665400000002,0,person,player,0.9718442,8,1.0
7,525.7695,495.39453,565.10144,583.7499,0,person,player,0.96603316,9,1.0
8,773.8833,691.6284,832.0707,806.65,0,person,player,0.8997811,11,1.0
