,x0,y0,x1,y1,label_id,label_det,label,conf_bbox,detection_id,team
0,1352.3943,407.26135,1373.3219,446.94815,0,person,player,0.9852389,0,1.0
1,1125.7993,763.29395,1156.8162,836.1375,0,person,player,0.98366404,1,0.0
2,1380.3818,387.23224,1394.1123,425.9224200000001,0,person,player,0.95198655,3,1.0
3,1638.3812,431.23788,1663.4573,471.75198,0,person,player,0.9512476,4,1.0
4,1716.3738,500.66135,1738.1989,555.7042,0,person,player,0.94233483,6,0.0
