,x0,y0,x1,y1,label_id,label_det,label,conf_bbox,detection_id,team
0,499.426,513.5958,563.08826,608.9133,0,person,player,0.9965317,0,0.0
1,1560.0713,453.8525,1617.3716,548.1030000000002,0,person,player,0.99589217,1,0.0
2,1490.4684,464.34216,1544.1052,548.27295,0,person,player,0.9934921,2,0.0
3,471.8325200000001,371.28607,512.6963,450.5906700000001,0,person,player,0.99313307,3,0.0
4,622.1223,486.4261,673.12213,577.6542,0,person,player,0.9929637,4,1.0
5,1054.9205,315.7156,1094.9148,388.13977,0,person,player,0.99119234,5,1.0
6,617.36395,650.2494,673.1966,764.44037,0,person,player,0.9882514,6,1.0
7,19.30422,300.32288,58.72371,384.59326,0,person,player,0.86006594,7,1.0
