,x0,y0,x1,y1,label_id,label_det,label,conf_bbox,detection_id,team
0,460.51202,409.8247,505.8741,496.61603,0,person,player,0.99761534,0,1.0
1,359.94116,549.4789,413.5402,651.0347,0,person,player,0.9975183,1,1.0
2,729.97296,659.3303,786.4422,772.00824,0,person,player,0.99678034,2,1.0
3,577.836,508.4978,611.1804,606.8758,0,person,player,0.9951496,3,1.0
4,769.1799,510.28003,807.6832,607.52344,0,person,player,0.99130654,5,0.0
5,187.83948,671.99414,226.62056,784.6130400000002,0,person,player,0.9911684,6,0.0
6,112.27507,415.15955,155.72076,493.55478,0,person,player,0.9862149,7,0.0
7,403.77164,398.57547,427.97504,472.1002,0,person,player,0.98529804,8,1.0
8,82.40802,512.83344,124.9016,605.2886,0,person,player,0.9809369,9,0.0
