,x0,y0,x1,y1,label_id,label_det,label,conf_bbox,detection_id,team
0,577.69745,227.57741,651.3372,327.73672,0,person,player,0.99757683,0,0.0
1,1624.1688,451.43784000000005,1677.8707,579.4399,0,person,player,0.99552906,1,0.0
2,1219.7426,376.561,1267.0968,509.80865,0,person,player,0.99478686,2,1.0
3,1012.9507,454.05716,1080.3809,590.85297,0,person,player,0.9941721,3,0.0
4,335.02853,824.75977,429.85364,1005.6579,0,person,player,0.9940559,4,0.0
5,1694.6753,449.87262,1753.7466,591.8145,0,person,player,0.9921744,5,1.0
6,1013.33704,339.68002,1067.9995,433.57294,0,person,player,0.99090713,6,1.0
7,1017.5893,676.2225,1083.6117,847.3797,0,person,player,0.9837637,7,1.0
8,393.97635,428.91855,458.2373,546.8434,0,person,player,0.96771145,9,1.0
