,x0,y0,x1,y1,label_id,label_det,label,conf_bbox,detection_id,team
0,1086.8763,429.6087,1122.2157,510.1826,0,person,player,0.99654835,0,1.0
1,1682.664,581.4431,1733.1788,670.6297,0,person,player,0.996228,1,1.0
2,1629.2684,336.96365,1660.1483,414.99243,0,person,player,0.9958966,2,1.0
3,354.31406,509.7865,411.87732,616.8278,0,person,player,0.99308836,3,0.0
4,1358.1448,594.0082,1400.0532,695.5969,0,person,player,0.9926418,4,1.0
5,1461.4866,375.72525,1491.4254,453.1091,0,person,player,0.9711571,6,0.0
6,1889.4747,599.6608,1919.8655,704.8031,0,person,player,0.96069807,7,0.0
7,882.2394,317.6136,908.7898,396.96338,0,person,player,0.92683315,10,0.0
8,1299.8889,549.2825,1334.7879999999998,639.3341,0,person,player,0.83023226,13,0.0
