,x0,y0,x1,y1,label_id,label_det,label,conf_bbox,detection_id,team
0,361.63293,737.2062400000002,441.2595,846.4069,0,person,player,0.99798363,0,1.0
1,271.58945,817.9692,347.82416,933.7869,0,person,player,0.99473906,1,0.0
2,427.03333,651.257,485.24258,739.557,0,person,player,0.9919704,2,0.0
3,705.70685,369.91547,736.58105,434.7764,0,person,player,0.99148095,3,1.0
4,271.2037,541.5555400000002,337.59604,632.8306,0,person,player,0.99116874,4,1.0
5,143.67989,545.364,210.24445,635.73584,0,person,player,0.9736573,7,0.0
6,1101.4294,591.6971,1134.2865,662.3158,0,person,player,0.9308306,10,1.0
7,1427.0076,593.0034,1473.4884,675.6126,0,person,player,0.93054557,11,0.0
8,1392.0668,559.87115,1434.9446,628.4983,0,person,player,0.89592904,12,1.0
